{
  "navigationBarTitleText": "巧乐兹集卡",
  "navigationBarTextStyle": "black",
  "navigationStyle": "default",
  "usingComponents": {
    "comp-auth": "/components/auth/index",
    "take-photo": "../../components/takePhoto/takePhoto",
    "carveup-modal": "../../components/carveupPop/carveupPop",
    "cardPrize-modal": "../../components/cardPrizePop/cardPrizePop",
    "getMoneyPrize-modal": "../../components/getPrizePop/getPrizePop",
    "sendCardConfirm-modal": "../../components/sendcardConfirm/sendcardConfirm",
    "synthesisSvga-modal": "../../components/synthesisSvga/synthesisSvga",
    "notice-modal": "../../components/noticeModal/noticeModal",
    "rule-modal": "../../components/ruleModal/ruleModal",
    "guide-modal": "../../components/guideModal/guideModal",
    "photo-guide": "../../components/photoGuide/photoGuide",
    "getcardandquan-modal":"../../components/getCardAndQuanPop/getCardAndQuanPop",
    "joinTurntable": "../../components/joinTurntable/joinTurntable"
  }
}
